{
  "accuracy": 0.8061967784959475,
  "macro_f1": 0.7336205510715059,
  "micro_f1": 0.8061967784959475
}