{
  "val_best": {
    "bias": [
      -1.5,
      -1.0,
      1.0
    ],
    "acc": 0.8614758646199371,
    "macro_f1": 0.6770291155158064,
    "per_class_f1": {
      "negative": 0.49612403100775193,
      "neutral": 0.6077510275983559,
      "positive": 0.9272122879413113
    },
    "cm": [
      [
        192,
        99,
        21
      ],
      [
        129,
        1035,
        538
      ],
      [
        141,
        570,
        8089
      ]
    ]
  },
  "test": {
    "acc": 0.7992544714613043,
    "macro_f1": 0.7297450291264713,
    "per_class_f1": {
      "negative": 0.6577886377519854,
      "neutral": 0.6324514747530565,
      "positive": 0.8989949748743719
    },
    "cm": [
      [
        2692,
        1066,
        214
      ],
      [
        1186,
        4578,
        1784
      ],
      [
        335,
        1285,
        16101
      ]
    ]
  }
}